id,email,password,handle
1,lremnant0@scientificamerican.com,6kPCi5,sdickenson0
2,kferrand1@pcworld.com,Pzn5ntCXd9,ghallard1
3,ggerok2@arizona.edu,8ctCGM,jcordle2
4,rseacroft3@smugmug.com,dPKxwTaI,ekinkaid3
5,astickney4@multiply.com,YdCJIdHA,churley4
6,cgleed5@springer.com,Gw5WLm5B4w2,gprobbings5
7,lshailer6@themeforest.net,SqsfJTTuwj,mwhiteoak6
8,pmcdugal7@apache.org,QPy5N2xh,vbordessa7
9,lrapport8@usgs.gov,oceVE4WpJi,hgauvain8
10,tondrus9@flavors.me,UqekWeVk9T,fdavey9
11,hpadilloa@cisco.com,O4kUINRTB,ledmondsona
12,lligerb@earthlink.net,KxV2rBvqk1,jmesserb
13,gharriottc@tinypic.com,QEBRoqQAhk,ndaelc
14,cpotesd@msn.com,MsI0PuF,dcolbourned
15,itremoillee@barnesandnoble.com,T9RKL5,fchandlare
16,rkinsonf@phpbb.com,xutvjh8YQDkE,ckewf
17,jgibbeg@cornell.edu,SDo3JSHDiA,cstarsmeareg
18,dkinnockh@edublogs.org,lNPlQQ,salesoh
19,dgeneryi@latimes.com,cWdfrAMKAW,eharbari
20,cmcdonandj@parallels.com,MipIssRg,steligaj
21,kortsk@businesswire.com,jB4PCJMFtj,ashoebridgek
22,mthorndalel@imageshack.us,XDkcaPu,kgerransl
23,ptulleym@goo.gl,t07624e2pX,hambrozewiczm
24,ckirdschn@europa.eu,E9WfDuA39,fgrottyn
25,cochterlonyo@posterous.com,cWfAVwP,delkso
26,apundp@wsj.com,nkchhZ,fhovelp
27,cmackelworthq@aol.com,91CMwlxb,dloberq
28,jdixeyr@com.com,B5A5OYmrE,cgristr
29,gseathwrights@gnu.org,Zo84YYFQLJ,kmccaughrens
30,belcockst@lulu.com,PW6kTBJ,dlehrlet
31,bmclachlanu@washingtonpost.com,BoMQhUM,csimmingsu
32,epeverellv@ftc.gov,59bc8H,vbyfordv
33,sbrekonridgew@auda.org.au,2wMF68h4l,wrueggw
34,lmoringx@chron.com,63nS8uSW,rrambadtx
35,abrogdeny@wired.com,z9Ywpk4xm,ctattooy
36,eespinz@hc360.com,H5yHcU2Iu,kratez
37,cblease10@foxnews.com,YtRlndOer,lmacdowall10
38,hleipelt11@patch.com,4j7ZkqAj,nbuesden11
39,vcurgenven12@youtu.be,tV8W5CVQHpo,mstagge12
40,mvardey13@vistaprint.com,qM6WF8yGQuLH,emoyser13
41,gnoyes14@latimes.com,Jx9MYjbOSIYF,rsadat14
42,jmulligan15@joomla.org,wZDsendTVW,hmacmenemy15
43,bklimmek16@wordpress.com,eNDgXgyns,nrominov16
44,rstemson17@amazonaws.com,zqeDWJzyY6,ehannen17
45,hhuygen18@columbia.edu,iOtmp15xg,mbirwhistle18
46,mjaycocks19@51.la,zZF4zNfmp,bpinks19
47,rbrandon1a@ibm.com,enHX0w9,cconn1a
48,lburhouse1b@tmall.com,yZuB2StP,rchaffe1b
49,ajannex1c@symantec.com,Z3qKqbFz,ehousam1c
50,hbinfield1d@columbia.edu,NxMByjdCoUON,czarb1d
51,jconibear1e@infoseek.co.jp,tO66Jr,bdunbabin1e
52,msallowaye1f@youku.com,Wsy9zY9V,lvsanelli1f
53,kfoston1g@imdb.com,hml4GrAVgDp,fpedrollo1g
54,zcardew1h@shinystat.com,VkUcdPB7o,afink1h
55,bketchen1i@cloudflare.com,Fl443qg,tspire1i
56,bwhitechurch1j@hao123.com,9FxTWg645,mpetren1j
57,ktaphouse1k@last.fm,rAaoepfRj,omaeer1k
58,ggorick1l@cafepress.com,VVzqcqr5nx,jlemmer1l
59,ptenant1m@si.edu,lsOokRMmMAHo,bdorant1m
60,mhogbin1n@xinhuanet.com,SPxcO6Z3,slethcoe1n
61,pmaryott1o@microsoft.com,osN8tAb,itillman1o
62,aguwer1p@marriott.com,vpcScC9krt,rmerrywether1p
63,dplumbley1q@hugedomains.com,hyIFR2,cashfull1q
64,agroundwater1r@census.gov,U7ki4Wv0g,stille1r
65,gstelli1s@dion.ne.jp,Nt2ssHtsn,jdeye1s
66,crist1t@tuttocitta.it,XU1vKHDMigcQ,bjeafferson1t
67,gwolverson1u@ovh.net,S0ZSnqfSLo3T,mthoday1u
68,lcollymore1v@msu.edu,GBzmfL,fastupenas1v
69,pwaterson1w@goodreads.com,Du2udj,bethridge1w
70,cmossom1x@microsoft.com,oSUjp9taR5R,ltiplady1x
71,dfaithorn1y@multiply.com,9OGKP6U,wpieche1y
72,bcrapper1z@bizjournals.com,91PrwNZij31y,rguyan1z
73,nflea20@omniture.com,q7UxKpLOXXm,lefford20
74,pknowlman21@alibaba.com,BQC3or,mburchess21
75,ctreleaven22@weebly.com,8VRMm1,betchell22
76,mroft23@barnesandnoble.com,8QWMXF3rbG2,pdemetr23
77,jangrock24@forbes.com,VxyWpI0,obliven24
78,swatkiss25@theatlantic.com,uQMfUC,achantillon25
79,jfoote26@redcross.org,W5Xxeuj99goo,nikringill26
80,tcampanelli27@miibeian.gov.cn,ZCFlTwx2J,dkeble27
81,zcereceres28@dion.ne.jp,8aHCJChU,aroseveare28
82,jkedie29@jiathis.com,SWiu4l89guzk,ckidstone29
83,sworssam2a@theatlantic.com,zDac4YEBw,kcolleer2a
84,reger2b@blogger.com,LFOiM7RYD2I,rslowgrave2b
85,nbeavis2c@msu.edu,XN3miE,mhemphall2c
86,avaan2d@paginegialle.it,BdRf6xG9P,gmurrigans2d
87,cschulze2e@tripod.com,9qoR6Ag,astairs2e
88,dtaye2f@zimbio.com,02wJrpk,tsuttell2f
89,sduckerin2g@tinyurl.com,xmoiJhQi,lgrisewood2g
90,sspilling2h@fc2.com,JsMcjGb7,tmcrobert2h
91,ngarrioch2i@archive.org,7miZzMs,cleathe2i
92,klegan2j@google.cn,LqIpMYxc3fMz,jkubas2j
93,lfoulsham2k@theguardian.com,EX9MneAfBXq,rlearmonth2k
94,tbyers2l@harvard.edu,qquP58Wq,mlively2l
95,messberger2m@dmoz.org,LW61YIs,csofe2m
96,jhowardgater2n@sogou.com,QJm5NrCB,vwilloughway2n
97,sgilgryst2o@mashable.com,QRZZLaJYN,masel2o
98,awhiteman2p@behance.net,ItN0Rjq,gbeauchop2p
99,mspringell2q@java.com,XdQaqr,cjoincey2q
100,aganing2r@irs.gov,dCWNzMGWj,egrissett2r
101,dtompkiss2s@nsw.gov.au,voxSaBD,dmunnion2s
102,fjaves2t@123-reg.co.uk,kblTUaIt,rwarhurst2t
103,cmcclarence2u@cdbaby.com,jrQ94dA,bdarridon2u
104,dvitall2v@about.com,kxQ9zNewr4C,bclougher2v
105,alehuquet2w@rediff.com,6PSiIwF6aXR,gcolquhoun2w
106,madolphine2x@europa.eu,iulE3m,amcgibbon2x
107,dquartermain2y@psu.edu,Xah0R584G5,tsille2y
108,gglaister2z@walmart.com,Tb58S6a,qroyden2z
109,shawthorne30@skyrock.com,lUeUTZ2l3nS,omatusov30
110,isoughton31@com.com,mPFpeB6LfAf,eclemenza31
111,agehrels32@amazon.co.jp,aMiqRqC1ByK6,brosier32
112,gletford33@jugem.jp,IpbfuD09tcP,vawmack33
113,bsouster34@de.vu,Inp8bdTTyB,dmattaus34
114,lvreiberg35@barnesandnoble.com,uNhHxkL1,aseville35
115,mbartaletti36@arstechnica.com,VCRVAl4i,kredmond36
116,nmuccino37@usnews.com,ONfHCR4,swilloughley37
117,hwilkennson38@google.de,2VqFcQGF,kmccrory38
118,efogg39@surveymonkey.com,i0iLHfncMb,ckidgell39
119,dgorden3a@is.gd,aizMX3,fdodsley3a
120,wbiscomb3b@irs.gov,pCOxeUGqgGcF,sfarrans3b
121,bellington3c@dagondesign.com,uAvJNyuLzRH,cpurcell3c
122,mfaulkner3d@ycombinator.com,fN83733L,rshephard3d
123,abone3e@amazon.co.uk,AC5w4Qz,bwhettleton3e
124,gcraddy3f@technorati.com,orQ0KwuOP,tfluck3f
125,blyttle3g@livejournal.com,U8mFEEWGN,yfuncheon3g
126,tsmurfit3h@gov.uk,ZgsvPW9Chmv,tlupton3h
127,tastall3i@europa.eu,oJ6DN9OyPyZ,arodear3i
128,aharley3j@skype.com,5rccYxF6lpKW,acostello3j
129,mcape3k@feedburner.com,HA263OXg2,wbeames3k
130,ehubach3l@vimeo.com,QURooJS,acrowcher3l
131,cburrus3m@discuz.net,4kdUqm,gsapir3m
132,lmorrott3n@webeden.co.uk,BsqDNoAsKF,fbrundale3n
133,fforseith3o@geocities.jp,gnbAvH,alamonby3o
134,ahaselhurst3p@pinterest.com,L5spFD,gpatman3p
135,owarburton3q@scientificamerican.com,ppzLPYoqTX,nengeham3q
136,gmacgragh3r@cbslocal.com,SFTO8x,iburtwhistle3r
137,wmatten3s@discovery.com,snLLc4,araper3s
138,bferenczi3t@cloudflare.com,2xpDqC,tfoulgham3t
139,rdidsbury3u@moonfruit.com,rlCRbinBZBI,dknevit3u
140,rwyllcock3v@scribd.com,fYGZGToDA,tscourge3v
141,gaugustin3w@dailymail.co.uk,DuetvwZ,taylen3w
142,lbertie3x@gmpg.org,ScQElTz,dwyss3x
143,mkarlsen3y@paypal.com,76WNvqfmuU,hbrewis3y
144,lamar3z@4shared.com,W0Xw65AB63,mvousden3z
145,rtassaker40@smugmug.com,GwfcOueEUnso,amuffitt40
146,tsnelle41@gmpg.org,krCYNX,apresslee41
147,cparkinson42@java.com,xWXHAcupK,lludvigsen42
148,dmacgorman43@nytimes.com,i2pF7xEhf4,ahinrich43
149,aschowenburg44@mapy.cz,iSRpfUb7T0LV,tperkinson44
150,psilverthorne45@addthis.com,TNObHHOFaqq,mdameisele45
151,gclinch46@eepurl.com,gZdqdh,hgoldie46
152,bdancy47@networksolutions.com,mDoAusP3it,lheistermann47
153,scowe48@pinterest.com,HuO7iXg,jcathersides48
154,kbalch49@wufoo.com,G2vpHWQXt,hharrill49
155,cclelland4a@illinois.edu,NXqwmAU7zy3Q,mcromarty4a
156,iprodrick4b@technorati.com,GtPMHl,cfitzackerley4b
157,lheadech4c@squarespace.com,fCWHDILSuSO,okirtley4c
158,hdaveran4d@jiathis.com,liGIMq3W,awellen4d
159,scarbine4e@shutterfly.com,x3DhgPW,clougheed4e
160,bpilsworth4f@java.com,U94brv,areddy4f
161,bpriver4g@weather.com,DeHV6Ic,epesik4g
162,bwinham4h@bandcamp.com,lCrpX1w5huC,lbrunker4h
163,agorgler4i@booking.com,3dcTnnm4,cedworthy4i
164,mmaggiore4j@fda.gov,Xodf4Ya2Nj,jickovicz4j
165,cvaudre4k@webnode.com,QBJDH2VQaU6D,gsturte4k
166,aalyonov4l@nifty.com,7UbHOQbIXpYr,dfinder4l
167,mucceli4m@hhs.gov,iNqX1bZDZIj,gaidler4m
168,cgrigorio4n@china.com.cn,wma2nd,fodowling4n
169,kmcdell4o@ask.com,1U2QeOV7,tbirtwhistle4o
170,scall4p@howstuffworks.com,qX349KMmBb,dlundbeck4p
171,lferfulle4q@msu.edu,kAinUhw75MU,dneles4q
172,echatel4r@purevolume.com,X03MKM,cbolliver4r
173,afrood4s@squarespace.com,9iGvNlp9NMc,bcodrington4s
174,hstandeven4t@sakura.ne.jp,dyAhhZDbEq,lgethen4t
175,sjodrelle4u@wix.com,YEtBohk4wdm,lwoolrich4u
176,kkarlmann4v@google.com.hk,LeknL1,aherreran4v
177,pconway4w@hao123.com,jnglIn,eficken4w
178,aalthorp4x@zdnet.com,rNWV5yfj,rcarreyette4x
179,fanchor4y@shinystat.com,FqHfQUlmlpS,cvida4y
180,dfilipson4z@ifeng.com,BVgn6HP,dheatly4z
181,chaffenden50@umn.edu,OwElDfYxW,lcobon50
182,dclunie51@eventbrite.com,1uQrsZYi3v,aoxlade51
183,brodden52@skyrock.com,p8HjD1frPF3R,qlagadu52
184,hlovering53@apple.com,cTaOSIahE6,hnorfolk53
185,bgoutcher54@google.nl,vespEaKrTn,lcrichmere54
186,nseaman55@weebly.com,qpvVJ2J,pkentwell55
187,hjelfs56@slideshare.net,B0PWKJU6BYys,tlamonby56
188,pbatey57@umich.edu,ubchZUBPEHsh,syurevich57
189,rotham58@is.gd,NKTWES,hpaeckmeyer58
190,rmasdon59@discuz.net,w7PrVT,fduckit59
191,mbarhims5a@hp.com,oUqRvl,jcardenoso5a
192,vsill5b@sohu.com,FFYUIKRSZ4,cburgan5b
193,dburdfield5c@unicef.org,FKmRIRFW,jmcwhin5c
194,mwigg5d@yellowbook.com,io3EKK,rmckeevers5d
195,orozenzweig5e@uiuc.edu,n90dUJAl,cwaddams5e
196,bfigura5f@webs.com,dBuBr1,dsainter5f
197,sabramowitz5g@dedecms.com,xQwkSwko2YN,wdomeney5g
198,eshrimptone5h@example.com,BKRy2TzvjI,lseater5h
199,nmcgeneay5i@nsw.gov.au,RHxcCrGZEuK,abroadis5i
200,ajerromes5j@mail.ru,7o8a9Ap,idot5j
201,kfido5k@domainmarket.com,BmYQVg,agannicleff5k
202,jfrench5l@usgs.gov,5Iqj14yY5Q,wpennell5l
203,hfarndon5m@eepurl.com,0o6qut9uArSC,ldwire5m
204,acortes5n@arstechnica.com,3UvUr2JA,tlukacs5n
205,pkiddell5o@artisteer.com,FCdgdj1BR,cvasilischev5o
206,ntallant5p@hibu.com,0yyM4fV8,kmascall5p
207,kassender5q@skyrock.com,oHkHm0JgTe,oonraet5q
208,mcowhig5r@prnewswire.com,SPBymN,dblenkiron5r
209,cimlach5s@digg.com,f9CU777Nb6,ualbiston5s
210,lsummerfield5t@etsy.com,P2rH1YJDVdO,mknowlden5t
211,breggio5u@cnn.com,Pfyz0x,rmelling5u
212,bpapis5v@newyorker.com,LRsKgumjF,khubber5v
213,glievesley5w@ox.ac.uk,irW3fUl1Wx6,vlay5w
214,serskin5x@scientificamerican.com,ftrCPx,kchalmers5x
215,dcopas5y@altervista.org,1RF12LKjXI,aparramore5y
216,mbrockley5z@nps.gov,BBn8S8RMQ,wgiovannacci5z
217,kflye60@youtu.be,DYvlCiAuBrj,jbernholt60
218,eceschi61@oaic.gov.au,hOTXj0lvj,sledgeway61
219,pfernando62@sciencedirect.com,9iKMkWHE7,gtidbold62
220,smish63@yelp.com,6TAjmP,crude63
221,glunn64@hud.gov,eyMZRJyDVhB,mausher64
222,smcinility65@wufoo.com,8r0wfF3Xs,mluna65
223,pkesby66@cargocollective.com,lC5gvRafA,ctaks66
224,ewinwood67@nba.com,uDZffxzFBuo,sickovic67
225,mwollard68@wiley.com,0hnyre21zQP,pbotte68
226,oquinn69@twitter.com,rDMUjG,cmcelvine69
227,sendean6a@bloglovin.com,c0L55mfN8u,rhainey6a
228,emundell6b@biglobe.ne.jp,Jk3jx8vzL1,pburchatt6b
229,dtoogood6c@cbslocal.com,ne5PRGxmB,mstolli6c
230,aiacomelli6d@tinyurl.com,dqUfy2KnVIU,alantaph6d
231,kpashby6e@globo.com,BQu3Rva,tmcquorkel6e
232,cmottley6f@trellian.com,XLwLZ6j1jL,ltremblett6f
233,fgladyer6g@com.com,DzRLIfJe,rtwiggins6g
234,nmapis6h@ehow.com,zkQflFF,jscholl6h
235,amcmennum6i@vinaora.com,nKke6EhG,kdurie6i
236,gmoulds6j@de.vu,9a9RDdzRjyr,hwalkley6j
237,hkofax6k@google.es,XnCIxGv,vmacmillan6k
238,njaycocks6l@weebly.com,hXEVZqu5,chasson6l
239,relnough6m@ox.ac.uk,JbyeOz,squaif6m
240,pdrysdell6n@salon.com,QbyfjOC,bgreenough6n
241,hfihelly6o@addthis.com,6RvpIoMXiEsh,dbowes6o
242,mdacosta6p@nifty.com,8XEVYT,sdanielovitch6p
243,vsteffan6q@creativecommons.org,RTntnsNbzNES,hjennions6q
244,sauten6r@cnbc.com,iQy7IQ30kD60,zkerrey6r
245,eseedman6s@microsoft.com,Zso7HBeBHA,hcuttles6s
246,lcourtese6t@eventbrite.com,CpUMx06Ok,trobyns6t
247,wbounds6u@oakley.com,hbygBeDmq,claible6u
248,fnield6v@yale.edu,NInkbhoY2,jfolomkin6v
249,petuck6w@latimes.com,ZAATZDhH0,rwhittington6w
250,ekorneluk6x@weibo.com,sFDLrgoujN,jtutchell6x
251,cthomazet6y@google.co.uk,NJxnXbPgh,ekeelin6y
252,lklementz6z@icio.us,KogZlONKQha,sbagehot6z
253,mhabens70@surveymonkey.com,HnclelKWfNHJ,snewdick70
254,nkubelka71@about.com,nd1ZDJ84TT,equadri71
255,fbirkbeck72@w3.org,neLV1u0oX,czamorrano72
256,jgroarty73@purevolume.com,CCwcU0nog,lgrafom73
257,ocullagh74@ifeng.com,hek7QIZ1,bbernardo74
258,bculcheth75@fda.gov,In88Rzkzd,jrobottom75
259,askellon76@vistaprint.com,fIEBcOHLH2,pfolli76
260,gbrewett77@ebay.com,76LFGRwjU,cgaskell77
261,mspriggin78@nationalgeographic.com,REMl4N2y74EL,arobben78
262,rvasnetsov79@unesco.org,WdogDvBGaF,ssomerscales79
263,eburker7a@reuters.com,WLSz1w5OYDjY,ccrut7a
264,arannells7b@wordpress.org,y2EL47IhZwj,vbrennenstuhl7b
265,babelson7c@issuu.com,ojBqn79jiF,ehatcliffe7c
266,msiberry7d@shutterfly.com,4Ddb7eZEq,dcullivan7d
267,dostler7e@ca.gov,QG3mmk,lelijah7e
268,glarmouth7f@newsvine.com,b27Iu7G9Qb,mworrell7f
269,hhattam7g@flickr.com,SrCFhYkD1f,rdunrige7g
270,emeysham7h@businessweek.com,2W7iJYqauty,sronchi7h
271,ipimme7i@t-online.de,dhrWnO9KbN,drackley7i
272,mcurdell7j@boston.com,fcMt1kROSFcO,cchastand7j
273,ckobke7k@cbc.ca,nMAqs6P2,ladicot7k
274,dkarpman7l@deviantart.com,wjVRWju,fsomerfield7l
275,swestwell7m@arizona.edu,tnEKgF5o,wbarizeret7m
276,eskyner7n@163.com,z4gj0tqNFz,dfidler7n
277,nclynmans7o@china.com.cn,jAgtuJ5d,cblethyn7o
278,bmac7p@miitbeian.gov.cn,ppWegjRO,ldutnell7p
279,icolegrove7q@discuz.net,uxkQbvFao,lpattenden7q
280,dcloney7r@newsvine.com,RON9xOXBS,ltoulson7r
281,cdorot7s@cyberchimps.com,q90dOER,lvivash7s
282,gbraunstein7t@tripod.com,4mGYlgako9U,acottu7t
283,kashman7u@joomla.org,Gh7CB3LFP,bwhistlecroft7u
284,fhutcheon7v@fastcompany.com,erTrz9jyMW2q,ahiggen7v
285,ptregale7w@ed.gov,fz6dYhM3,ccroft7w
286,scourtenay7x@linkedin.com,AfIklozTz,bharragin7x
287,ehumerstone7y@t.co,2FR9zsicy,bvaughn7y
288,gbalazs7z@vinaora.com,XMXZj1n9jEo9,cmugleston7z
289,zramsbotham80@spotify.com,Q8XLi6J,nbeake80
290,acardinal81@shop-pro.jp,5Vx930qZo1SW,dbaume81
291,gdakers82@marriott.com,RrES6Ma,savory82
292,mclowsley83@geocities.jp,d79EUip,clattin83
293,tquigley84@dedecms.com,y3KbHi0osJ6,dmackinder84
294,iguard85@blogs.com,EX0UQEL,jsuggey85
295,cchalles86@latimes.com,aLUWP7lg,ryeo86
296,svynall87@ning.com,smR5PVHn,cleppington87
297,mjermyn88@disqus.com,VeW6bieh,oanderer88
298,ianfosso89@answers.com,UAyR016CC0n,kewins89
299,eglasson8a@house.gov,ophUzMP1g,cdowzell8a
300,smainz8b@tripadvisor.com,fNznOJM2Z,cpoznanski8b
301,slochran8c@facebook.com,Olrkx1U8,ctancock8c
302,wvitall8d@ucla.edu,RlExIbbZnnJc,jirons8d
303,ebaggaley8e@yellowbook.com,NxfAnR3eBYf,igherardi8e
304,fkemitt8f@google.com.br,9zlzImTxr,lmurney8f
305,ggiblett8g@myspace.com,zVFsOyJPVT,vfranks8g
306,rpershouse8h@feedburner.com,9y6umTrNQo,nkristiansen8h
307,lmagor8i@guardian.co.uk,jNB0jw,kdillimore8i
308,dclarson8j@facebook.com,8y4IQrK,sboatright8j
309,hlea8k@usnews.com,SeIAvHxbTZPX,odeares8k
310,nlochhead8l@weebly.com,e2fAFs37N9,akubanek8l
311,fstatter8m@sourceforge.net,BkpPO4QHFng,sroughan8m
312,iantonomoli8n@biblegateway.com,AxUcaPL,emurrish8n
313,visland8o@mysql.com,oaDJ9an,lpetrillo8o
314,hguslon8p@sitemeter.com,PyOJ7r9rpH,avazquez8p
315,csarra8q@cdbaby.com,ZSjpJK7,vtheriot8q
316,jizakson8r@shop-pro.jp,KPC4nDy,mbuxsy8r
317,jmettetal8s@furl.net,E3g7Lo,loliveras8s
318,lcanto8t@jalbum.net,xvCpVB5y,fhardacre8t
319,smacanespie8u@sfgate.com,l5Aw4BOIt,nzolini8u
320,obailiss8v@clickbank.net,pPGEZtK,kgosnell8v
321,wbelson8w@technorati.com,ZbFrFqSO2S,ccoldbreath8w
322,danthoney8x@youku.com,mvofJhR64,kcopins8x
323,acooling8y@bluehost.com,suSddZk7gw3n,jmaciunas8y
324,wseth8z@behance.net,ehGeqq,ujohantges8z
325,dgornar90@moonfruit.com,lvC6PmtfrUTa,cmulvy90
326,cbrunesco91@salon.com,RZt0lfYues,gtoop91
327,elegassick92@gnu.org,wJ3ZxuNl,etownsend92
328,msmorfit93@latimes.com,1UBG15Em1VrF,lparlour93
329,kbapty94@nytimes.com,TFgg2L,gperotti94
330,nsaxby95@baidu.com,lwwDV0X,jfuggle95
331,drottery96@facebook.com,XZEdTm,rgalbreath96
332,rscarisbrick97@taobao.com,wwqBfNUAQM,jsecombe97
333,ckinsett98@t-online.de,x8SecCopRqXD,msmissen98
334,tpunch99@printfriendly.com,pl8QiRa,cvanderdaal99
335,cmaciver9a@oracle.com,FRFOWncL29q3,bbosomworth9a
336,ogorstidge9b@amazonaws.com,GBnBDIR,fgapp9b
337,cfolland9c@infoseek.co.jp,ISfpnKIcBSM,awholesworth9c
338,bpebworth9d@geocities.jp,GlGrIJXWl1,tmcauslan9d
339,tmeriot9e@barnesandnoble.com,BBKFFh6,tgullyes9e
340,dollin9f@va.gov,2V8zIYAOJ8zk,hbroodes9f
341,ddeval9g@sun.com,SI6zObykT,llarvor9g
342,cmarjot9h@mlb.com,hF1kjFTE8e,smaggs9h
343,bkrishtopaittis9i@instagram.com,QU9daVHyR0,clegrave9i
344,lhowlin9j@kickstarter.com,rxQWSh53aw3H,epurdon9j
345,kjennens9k@fc2.com,UZRAqLD,bjestico9k
346,cklisch9l@msn.com,cLG9bRR,cfeehily9l
347,bniven9m@abc.net.au,r390BIhhOWA,bmaloney9m
348,nmawer9n@fotki.com,tOEfygpAFjd,dharkes9n
349,jskeats9o@blogspot.com,4YYLINd,bottewell9o
350,ldenecamp9p@yellowbook.com,KRTiIjc5t,rlynds9p
351,ccandey9q@rediff.com,fJGdYwdXxAUv,csives9q
352,csoames9r@mysql.com,3qR4q7BjD,bnisby9r
353,mnewart9s@example.com,YcTacq,sswetmore9s
354,achadwick9t@edublogs.org,hjo7Nsv3,amcconaghy9t
355,kabsolem9u@plala.or.jp,PSDticbsV,awarlock9u
356,mdubarry9v@reddit.com,EKV2ORfnnhBw,agrigor9v
357,cdawkes9w@paypal.com,sLLcJpBQ,hmervyn9w
358,jdigiorgio9x@w3.org,C3m1c4V,gwoodruff9x
359,hjephson9y@usa.gov,u1rhJzCY3z9,cmcmeeking9y
360,rbacken9z@google.com.au,FhF9jzxwJ,nvirgoe9z
361,fmckellera0@biblegateway.com,VvqHyIV1nE,mbrockelsbya0
362,llealea1@home.pl,q8tyOQB,egalliera1
363,dzecchinellia2@lulu.com,LXjs5s,enehlsena2
364,nthowa3@hubpages.com,cseAt556e,pdiversa3
365,emunehaya4@exblog.jp,7bgn0AbU7,jtembeya4
366,jfilintseva5@patch.com,snUiE9Z,dgagea5
367,ajerzykiewicza6@wikia.com,7l8oTZr,aewina6
368,rdunstalla7@aol.com,OjCQSe,sconyersa7
369,eevereda8@jalbum.net,E7TeFJOunI,bdayleya8
370,wdoblina9@addtoany.com,bw3i1Mrmsrgk,oplaita9
371,obathoeaa@github.com,ol1Sx56zu,rdearsleyaa
372,jhaddonab@github.io,DGBqCJ47,gmerrellab
373,shodgenac@berkeley.edu,Zdj5SnLMvznP,hspauleac
374,mformilliad@un.org,Ze4dd5L7G0j9,smaugerad
375,fdeerae@phpbb.com,igq4POJlJ,gvanrembrandtae
376,mwhimpaf@de.vu,juXyiDH661,rhanwrightaf
377,ctwinbourneag@shop-pro.jp,kDLbDQ0DoCNR,gtreleaseag
378,gbrownsillah@eventbrite.com,nIJWo2nv,ezecchiah
379,jgrinyovai@4shared.com,hzaqX1E7Hc,bbroughai
380,ipurrieraj@pen.io,8cAIOFyabrWP,jpointeraj
381,rsteansonak@jimdo.com,LUOVC9,hlineenak
382,tharringtonal@over-blog.com,d2BQeJkOUMC,jcarwithenal
383,grenowdenam@archive.org,CfE5JJQDDMv,jmohammedam
384,cmaassan@sitemeter.com,tbGAyzep,ssharmaan
385,vreadyao@nbcnews.com,egpBW31PN,lcranshawao
386,dcocklinap@ucoz.ru,qrikqP,oblackmoorap
387,kpainaq@smugmug.com,wjj3Yeog6qE,afurleyaq
388,cpitfordar@cdbaby.com,aHpGv8uQKbF0,mvanthoogar
389,lgallatlyas@abc.net.au,OW2COsyef,treadshawas
390,ypresdieat@list-manage.com,P5gfOTA,dwenderothat
391,dbelinau@guardian.co.uk,0qFas54oPjw,cbutterworthau
392,kkennicottav@ovh.net,ydDC6c,gcardenasav
393,chabgoodaw@vistaprint.com,yafCPf,njopkeaw
394,hmewhirterax@addtoany.com,VOi0gFiExc,tbeisleyax
395,phulstromay@naver.com,ukssNzP3L5l,eheyworthay
396,hscaddingaz@cargocollective.com,LhgnHz4H,gevershedaz
397,leakinb0@stanford.edu,LC4SiBxKc,mcalvenb0
398,hruberyb1@yahoo.co.jp,M4MBie,iblofieldb1
399,fpersickeb2@de.vu,Fd0r651NAwW,lmillershipb2
400,abissexb3@nifty.com,RoyzWVqlTt,csanctob3
401,coxleyb4@google.de,vUI5CB,wlaphornb4
402,lnangleb5@hao123.com,apQCHPQ6,bgianillib5
403,npimmockeb6@earthlink.net,642iZ9,ahayseldenb6
404,pciccarellib7@4shared.com,EO99NG3kHmAr,plavalb7
405,gnethercottb8@paypal.com,EeXkxv1rg,vaustickb8
406,cbroshb9@a8.net,fwDDLBZa,eattacb9
407,drenakba@indiegogo.com,9K4bcq,fbarwackba
408,charcasebb@furl.net,u9iQZ2PG,fhiombb
409,rdeavenellbc@lycos.com,76wKmJT6tsq,vberrybc
410,ssperrettbd@omniture.com,vrz6knQB77GN,nprattinbd
411,aelfittbe@merriam-webster.com,L14P4yX8k,rplacebe
412,llackingtonbf@quantcast.com,HGUDCN,hkirabf
413,sflemingbg@dell.com,Dy16QV,hroswarnbg
414,mhlavecekbh@cbsnews.com,GPklE9Hpn,sferrarettobh
415,dgirodbi@unicef.org,E08o4uwxSi4,astanyardbi
416,tlowndsboroughbj@opera.com,71lsn9viwS,hweskerbj
417,mbrealeybk@mashable.com,ndlAUOffWE,mdomicobk
418,rlawtybl@earthlink.net,QkG7k6,scossambl
419,gmoninibm@networksolutions.com,vWz2ZYN0E,dquerrardbm
420,dryottbn@instagram.com,d94tvj6,mmartschikbn
421,yminchintonbo@ihg.com,9FYYtbU,halmanbo
422,jszymonwiczbp@123-reg.co.uk,P1a3fcRk3H5o,bcrankhornbp
423,nfinebq@washington.edu,9DJ0tKfA,rbenfordbq
424,rwiffieldbr@huffingtonpost.com,bbqYhFH6VFv,ftolchardbr
425,jmartybs@ocn.ne.jp,Dy5rAq,sbeadonbs
426,mwagonbt@cloudflare.com,in4HcYeGND,fmariollebt
427,rguillebu@wikimedia.org,FUTS7R,ccottagebu
428,jfoukxbv@merriam-webster.com,k8gNaY,jferrieroibv
429,bfealtybw@census.gov,5pIu410r6gr,cgrimsdithbw
430,ntrassbx@cloudflare.com,VakfO1GopQ,hcastelletbx
431,pquinceeby@thetimes.co.uk,eIZFw1bMZ6E,jmurthwaiteby
432,pstaplefordbz@list-manage.com,GFjb7dC8,lszachbz
433,rblondelc0@hp.com,PWKraC5NoVT,tpittelc0
434,mzappelc1@samsung.com,iwUzdHVni,nfredianic1
435,mborwickc2@oracle.com,OhKcPT6,jabbyc2
436,eduffiec3@comcast.net,LFHqFVMLf,rduddyc3
437,acazinc4@gnu.org,prsWuoqZb,ddrooganc4
438,jmaggillandreisc5@mac.com,2ly3ap,tgashc5
439,sberthomierc6@yahoo.com,AaM5ysb,rfaroc6
440,fshasnanc7@sina.com.cn,dEG3yrqBj,sofeenyc7
441,gdaddac8@sun.com,NR382IuW,dzannic8
442,twagenenc9@imdb.com,lqJ8cFcl,tlisc9
443,nthickinsca@webmd.com,4YvDBDFz,smclemanca
444,brugercb@independent.co.uk,wLYC1Ws0SYx,tivanetscb
445,aloniecc@merriam-webster.com,FExyvRNHyM,jantcliffecc
446,ddunsfordcd@earthlink.net,WLY257XyC,rblankocd
447,thousbeyce@aboutads.info,kcQUCgCq,aayrsce
448,kjirancf@auda.org.au,NzmvsRGm18,rkerfordcf
449,anutleycg@mlb.com,4mlJ7sKpMl,fmccarlichcg
450,jsimmench@ask.com,oH0yXm,ylalondech
451,wcoucherci@nbcnews.com,MbBgpeZEGp,rdongateci
452,hgerbercj@pinterest.com,rh6K1ht446dH,hdmisekcj
453,apoulettck@desdev.cn,Gru0bn,nbottomck
454,dblakecl@va.gov,4aYMSVP,sruggiercl
455,swyberncm@ask.com,HN0vkaoBp3Fb,qthwaitescm
456,cschinetticn@live.com,GTRxZ8n0,zbrimscn
457,myellowleaco@elpais.com,FijXyHMfPFKX,sbernadotco
458,mmaincp@businessinsider.com,6CKOqel1Phke,rcaesmanscp
459,acalfecq@t-online.de,ueebte1xc,mravenshearcq
460,jlowmancr@nytimes.com,6b5YXNNc5Sb,wmccurtcr
461,calldrittcs@networkadvertising.org,RUcBOfj,zdaintiercs
462,kspinelloct@wikia.com,rKu4oAf3tNf,gskehanct
463,bkornilyevcu@independent.co.uk,D2Ut7p8W,citzakcu
464,awurzcv@nymag.com,6VHhSi,ebearwardcv
465,dsquibecw@ifeng.com,Hsw9n3Zj,rgrisewoodcw
466,mmacgraghcx@zdnet.com,Ldw9N7,mbolderocx
467,amoultcy@illinois.edu,30hi5pSSc6L,fraouxcy
468,cgenesecz@macromedia.com,xWfRlU4o,rmorancz
469,cmalenfantd0@dedecms.com,UuQAtm,lmarusyakd0
470,nmacgalld1@umich.edu,BEXWKob,lblencowed1
471,mpophamd2@examiner.com,84FPZ9hCSu,rvollamd2
472,gmcparlandd3@vkontakte.ru,5zhfo3CKR7u,horrissd3
473,hmowlesd4@joomla.org,zGQTZr,ameynelld4
474,dmenauteaud5@artisteer.com,8I6YcEw,sleblancd5
475,steggartd6@columbia.edu,v3q4w6Rdw,skingettd6
476,dfransemaid7@youtu.be,5hnBwh,fmaudettd7
477,croebuckd8@cam.ac.uk,eGgxlt,bnunneryd8
478,tfairweatherd9@nba.com,CF44B7gDxR,hsturleyd9
479,canyonda@squidoo.com,69mT149,apopeleyda
480,sneubiggingdb@omniture.com,C6qeC6Oi10I,cshoresondb
481,brestieauxdc@vk.com,Medo0PI0,fwaddicordc
482,jclydedd@epa.gov,bQbRC7WanUn,vdaintithdd
483,chelinde@fema.gov,QcADmNi3,mkaubischde
484,cvinealldf@wiley.com,52EAR8lmFz,glangdondf
485,pmarksondg@sina.com.cn,YgqOGioSr,edibbsdg
486,rfeaveerdh@hc360.com,1anqaYX1ejA7,dpervoedh
487,gminthorpedi@behance.net,VFmsRedm0V,rmugridgedi
488,rpecharddj@wix.com,ZtRLBv,bquinnetdj
489,ahearndendk@etsy.com,ln5Xh3H2G4s,cpapezdk
490,cblaindl@ebay.com,HKqLx4kaI,jkittdl
491,mfitchelldm@hao123.com,GSWZ7ZXYct,groffedm
492,lbridgmandn@japanpost.jp,ARO40PpuBf,jkwietekdn
493,gwadgedo@ning.com,TfQYPro3G,bmarrowsdo
494,abushdp@tiny.cc,PL4QAlVdUyK,agianneschidp
495,caddisdq@nytimes.com,47xD0Aa,gkirkhousedq
496,egrundelldr@eventbrite.com,sRdbGx2Pu,ldemirandadr
497,wcomods@altervista.org,ZqNO8v8,gpebworthds
498,rivanchindt@meetup.com,yWma4rQ,dcheerdt
499,dpettingalldu@barnesandnoble.com,XPoqbYV,bfilisovdu
500,alamkedv@delicious.com,poUDNt0nv9rk,abarnfielddv
501,cgallimoredw@mozilla.com,hpmew0t6iBRD,lpriddiedw
502,brennoldsdx@webnode.com,hoGJ3Z6pe,mmeyshamdx
503,agebhardtdy@tamu.edu,GxMjTeLNKAAR,imcgerraghtydy
504,kmclernondz@mediafire.com,C9SAFzJo,jgentiledz
505,mrizzilloe0@apple.com,y8VA60bOPy,mdallyne0
506,astovese1@hhs.gov,WqC3xpleI,gdallie1
507,pfoshe2@unesco.org,a5APLvK,flambertoe2
508,kribye3@liveinternet.ru,IVi32IwT,swipere3
509,foxe4@ehow.com,tLv839RFCMF5,elongegae4
510,hjedrzejewicze5@cisco.com,ao103q5Q,ecrossfielde5
511,mfitzsimone6@51.la,CNOJQO3ulen,vklulike6
512,stootine7@freewebs.com,Qy0Ml7QatA,lgodsafee7
513,pstuehmeyere8@bravesites.com,6xMMqPaD9,ecalbaithee8
514,bcharlewoode9@unesco.org,phppylFOcM,dkirsteine9
515,cwillowbyea@zdnet.com,zLF1n754h,keslandea
516,hhallardeb@is.gd,MBwT3OJ,bboreleb
517,hrunchmanec@newyorker.com,5vLJ0teUDRzX,afairfullec
518,dsawelled@storify.com,xAZUIRNTv,bbenesed
519,hlangabeeree@seattletimes.com,kIyCWt,vjenkinsonee
520,fsasseref@ucla.edu,PKQOZpgldd7,mnesteref
521,bdemaineeg@blogger.com,clhNr0r8,qhurdisseg
522,wkynetoneh@rediff.com,iz9oblwpP,lpetryeh
523,gortzenei@com.com,OIXZrnfB1w,rgounodei
524,ckelbyej@state.gov,sPXqre,jwoodroofeej
525,lralphek@dot.gov,TKSTTMYm8R,ggittinsek
526,kgoodgerel@webnode.com,wbsMvBDE,asprigginel
527,acastanoneem@omniture.com,p3GI3bm,tbeckinsallem
528,tbroadwellen@i2i.jp,sZkWtE7,nbairden
529,cpoppleeo@linkedin.com,hvd7vUjjS4,gcudbyeo
530,sigglesdenep@wikispaces.com,toGRhgRLnh,atownleyep
531,bchoppineq@newsvine.com,6teClcft,edennisseq
532,hcovendoner@ow.ly,RWWNvq5Jo,ncauseyer
533,egillebertes@un.org,qgdrwo4j,astorches
534,ofarnhamet@noaa.gov,gYodgjHE0l3l,kcokeret
535,hsergenteu@ihg.com,UmDj6oKBokpP,alethleyeu
536,mjowettev@cmu.edu,cf6lFvKdNaa,rbassettev
537,rlappineew@trellian.com,IuE8eH,swhytockew
538,gmabeyex@feedburner.com,81GbY66g,blarrowayex
539,santoniuttiey@discovery.com,MCzkFW3,tdumbletoney
540,rferraraccioez@list-manage.com,6zzDDg,ftempleez
541,pmckaguef0@blogs.com,UC7Fio0E,jforsterf0
542,erabjohnf1@umich.edu,K7lvzgSRmB,fmacmarcuisf1
543,ldipietrof2@dmoz.org,PmbMcD7,skrinkf2
544,mdullinghamf3@list-manage.com,IFwT9p,cbellinf3
545,ascamadinef4@epa.gov,FkAjGaQ6oU,barnaldf4
546,mcrowsonf5@github.io,oelHJOVR,lharryf5
547,chenrietf6@elpais.com,yG4dQit6gNVF,gsalanf6
548,dbyshf7@marriott.com,moDqi1hhiH,zfarakerf7
549,estoresf8@xrea.com,jxTFeNm,nllorentef8
550,cpardalf9@ca.gov,oFIVmc,ddelicatef9
551,jwitcombefa@tumblr.com,JIi50b0Hdn,msleneyfa
552,sorchartfb@seattletimes.com,YO6dXMWKfaKq,hbruggemanfb
553,cstevensfc@newyorker.com,dCAgXetB,cgeytonfc
554,ioverlandfd@prlog.org,sPWpQGmTj24d,nstaplefordfd
555,devennettfe@biglobe.ne.jp,qpXRw8C,iabbottfe
556,fcornuauff@loc.gov,18UjgtV23n,jcawseff
557,scorkhillfg@wikipedia.org,g7Qz0AsFrcCz,mlisamorefg
558,pkonradfh@ihg.com,hOXmUS,tsedgemorefh
559,btomleyfi@naver.com,WFKonYJtjxyf,jdautryfi
560,sheusticefj@a8.net,vhba87hKyvVh,hmonsonfj
561,mroughleyfk@newsvine.com,AHOoq543Uvb,ihousleyfk
562,steazfl@techcrunch.com,XYtZQgb0DRr,pmctavishfl
563,pleghornfm@imgur.com,OyynoECbLh,jvalentellifm
564,psentonfn@godaddy.com,EDzbM7rbA5,hgalifordfn
565,wfigurafo@jimdo.com,4WwTor,npanswickfo
566,rriddingtonfp@sohu.com,Y27EZeawo7,bferreresfp
567,bhampshawfq@examiner.com,aEIt3k6HC,clynskeyfq
568,jdespenserfr@virginia.edu,XtwWxhW,lsteanefr
569,xlucchifs@cmu.edu,TTsNQce,lvasyutinfs
570,arotchellft@wordpress.com,WyWo6QYZ,rhalgarthft
571,rcapronfu@paginegialle.it,yvzdSwbBbl,nthorntonfu
572,hcraiggfv@wired.com,rjeTmjPpcXA,jpickthallfv
573,hbartczakfw@typepad.com,W8QNWlkLRMXl,apieruccifw
574,omackinfx@reverbnation.com,GCgz9NNQx,eargonttfx
575,cisakovitchfy@ovh.net,RlYFocb,pnaisbitfy
576,kpeermanfz@paypal.com,oX8o24iYzK,smquhanfz
577,wbacheg0@marriott.com,pm6W410o,mleiboldg0
578,bgarfathg1@altervista.org,CvhckiN2,ffontesg1
579,tpownallg2@goo.gl,PxFFbGb9fyhr,sstrutleyg2
580,sobing3@mashable.com,e97WWw,moshering3
581,dlathamg4@example.com,9GhRuYHEQ5,jkohrdingg4
582,dlazarusg5@themeforest.net,qr5LpEbBHV,kaasafg5
583,brothwellg6@umich.edu,QgNhYet0d,ateenang6
584,aleftbridgeg7@ted.com,l6TU7Bzju5jp,draesideg7
585,lcawg8@yahoo.co.jp,CPVUr9,agirardettig8
586,misittg9@ocn.ne.jp,2oDWbqhMSsD0,mmaylerg9
587,bbyrchga@hibu.com,8Yo5wOw7Xb,jmccaskellga
588,tchristergb@yahoo.co.jp,FAl8SXTJom,gshenleygb
589,gdearlegc@mayoclinic.com,LT9JLm2t,rjaangc
590,fmcgallgd@vinaora.com,bLT20n32k6z,cbrinklergd
591,rmackledenge@slashdot.org,vhBmvx,kairdge
592,nstiffellgf@devhub.com,rypjpMk,mmacilriachgf
593,mhilldropgg@wiley.com,pLjRh1t7,fcathelgg
594,cvinsengh@wordpress.com,1exyj2q,catleegh
595,fdunleygi@usa.gov,IrF9v6RdxrDk,ybarnsgi
596,afearnegj@symantec.com,IoahIJgvjfB0,aslucockgj
597,snaptongk@ning.com,FZuZYZ,aoxfordgk
598,vpeidrogl@example.com,lJpQ3zBE,bmoggangl
599,jfauguelgm@pen.io,84leFzuT1,vgadiegm
600,kelkingtongn@newyorker.com,si6EvVWtpA,bcremergn
601,shatchmango@bizjournals.com,9DCj8faAu,boculligango
602,hgalletlygp@bandcamp.com,TOK9S6TOS6q,sshillinglawgp
603,tbaylaygq@123-reg.co.uk,MoYbKr,kschwandgq
604,rhephergr@scribd.com,wZtWQkb,goconnellgr
605,sthameltgs@163.com,KRRuUxz,aisaacsongs
606,lpercivalgt@mapquest.com,LWUaOowM2suf,wreltongt
607,jhylandgu@about.me,apQimYgj,ahastelowgu
608,ssahlstromgv@topsy.com,ky39QIWOo,ctroyesgv
609,mwysegw@washingtonpost.com,8haI7gVh,sprozesckygw
610,sguillemgx@pbs.org,UOGhYE,rbrockiegx
611,hfittesgy@g.co,FI731beW,akernegy
612,gpridengz@smh.com.au,Hc5Wp3L,ftrulockgz
613,hfianderh0@twitpic.com,CWqR90A,vshearsbyh0
614,dkirwanh1@bloglovin.com,crYs1RBVZalq,gmillardh1
615,ehartleh2@dailymail.co.uk,gfH9Qhydj,ltraslerh2
616,pkertonh3@ucla.edu,KfQgpRU1w,bgreensideh3
617,rheaphyh4@wordpress.org,10ANX06d9G,kgeallh4
618,dmaugerh5@boston.com,dbCnisRxtNh,gjorckh5
619,rinnwoodh6@hatena.ne.jp,vlGZETGJ,athewlessh6
620,bpaskh7@psu.edu,D7DdeZqUF9Pm,kblagueh7
621,tgelletth8@wordpress.org,kHX4xK20,ghoutbieh8
622,ealtoftsh9@hostgator.com,EZXV8H3Ymub,mharth9
623,sgossipinha@etsy.com,0tnpZ0Y0H,hheinssenha
624,yolomanhb@51.la,Tc6Ac7By4Oh,lsmithieshb
625,thurdedgehc@huffingtonpost.com,wrUlMGH6V,ctwatthc
626,fosbandhd@ucoz.ru,b4ioH8,fdufaurhd
627,asalanhe@techcrunch.com,oGhssZQH,plogeshe
628,rologhlenhf@moonfruit.com,LkIkDqwJiWB,psundinhf
629,mphanthg@meetup.com,g8OioOUv2mI,fjakewayhg
630,fkniftonhh@oakley.com,HTXDcYSptr,sstorrahhh
631,cappleyardhi@trellian.com,4faGUFh56cu,mdedomenicohi
632,szuanellihj@liveinternet.ru,dgln7tbt,uarmstronghj
633,nallmanhk@booking.com,ZW2kbfCU1R,cdadswellhk
634,jhonighl@dyndns.org,y4Ctyyn,mwortshl
635,ztestinhm@yellowbook.com,T9OpNbU,pguyverhm
636,lblackwoodhn@mtv.com,NNz7JERY,khelversenhn
637,rgeelanho@privacy.gov.au,fo2wI5fCDx,mgerardetho
638,bsalleirhp@squarespace.com,lNxjhCTNLI,rtaborhp
639,schessellhq@harvard.edu,ugS5arOD,lfodenhq
640,ccraufurdhr@businesswire.com,TU8615U0,wgoughhr
641,hliversedgehs@unblog.fr,18jgC94C,ewallhs
642,ameritht@zimbio.com,Rtn3XfMAR,pbleythinght
643,nberntssonhu@mapquest.com,tHd3BtMRSJR,uwissbeyhu
644,lsweedhv@independent.co.uk,LeDsCG,nramelhv
645,gaberkirderhw@dagondesign.com,GtqY3E8,sadamohw
646,srougehx@telegraph.co.uk,T2zrzGSKbX,rpurrierhx
647,lbodsworthhy@gov.uk,QLFdEm,ltynewellhy
648,cquadehz@tuttocitta.it,6XmNrr6Lr3Y,agoudardhz
649,rhaglandi0@va.gov,tpQ98zk2HUYQ,ezecchinii0
650,atumilsoni1@geocities.jp,x2m0YQgy,gglazei1
651,dwasei2@dedecms.com,18VDahyuKA,tkryszkieciczi2
652,vdouthwaitei3@imdb.com,WxVfL3,mobrieni3
653,acasini4@princeton.edu,ClT2L215,ynewgroshi4
654,apiechei5@timesonline.co.uk,kpgzKk,rcurryi5
655,sfarnhami6@vimeo.com,M6oLoUO,skuhlei6
656,mmeatoni7@privacy.gov.au,A2V6323Mug,sfilpoi7
657,hbumi8@hp.com,SXF8OEewC,bfrancesconii8
658,dduggani9@comsenz.com,TwTnTH8ah0a,skalbereri9
659,mfallancheia@china.com.cn,PhqdkPJo,atemplemania
660,cclamptonib@paginegialle.it,7N7s0KFBW8A,ngonsalvoib
661,clawleeic@arizona.edu,6YfOI8v,tupshallic
662,cselwynid@yahoo.co.jp,Qpi1018k,tgiannassiid
663,apargentie@cbc.ca,nBWPk0n3j8i,dwigfallie
664,pmatthissonif@earthlink.net,sACMBr,kmacdearmontif
665,maldayig@apache.org,oEi3FH7D,hbulleynig
666,xsilvesterih@dedecms.com,byIVIzrSZl,eruzekih
667,shelinii@uol.com.br,kYnTKZ4mWH,jjanataii
668,vconnockij@blogtalkradio.com,rSCRKZC3,dlenteij
669,dabeauik@independent.co.uk,k7sw4qb,blamonbyik
670,tsaywellil@discuz.net,Qq1CcC37MTip,jcogmanil
671,bcoulthardim@dedecms.com,hep99wphFY,gszymanzykim
672,bdarkinin@nationalgeographic.com,bsCnwGekj,cpascowin
673,fgazeyio@dagondesign.com,BeZ8SKcl,klawfulio
674,scamisip@miitbeian.gov.cn,E2DuhzRM5,dtallonip
675,cgouldthorpeiq@mlb.com,OEOjgdGzi,bmcconwayiq
676,cleeuwerinkir@technorati.com,Mhv6XVPV46m,hcowpir
677,shousemanis@goodreads.com,kJiSOw,tmallinaris
678,llutyit@noaa.gov,sqnUkPU1ooq,vsharpit
679,lpasterfieldiu@cnn.com,rqjSSBa3,aupexiu
680,rfranceschinoiv@zdnet.com,cptdc9jPMsX,mpendrichiv
681,cwannelliw@biglobe.ne.jp,UUIE9eHyM,rmonardiw
682,mgettingsix@mozilla.org,tjn3pxIf,bconkayix
683,fdowsiy@gmpg.org,D3W7IoDdL,jchimesiy
684,abenkaiz@tuttocitta.it,8K8e1qXWOKnp,cknyvettiz
685,mmuzzallj0@sakura.ne.jp,Z2TPti,amaccaughenj0
686,dgowerj1@delicious.com,5Ej7meFicU,iplasterj1
687,pluxonj2@webmd.com,F5c7MUtIav41,pheephyj2
688,pklainerj3@usda.gov,8UUldPn,hgouninj3
689,dbickardikej4@businesswire.com,Yi5tCXP3MU5,tpiollij4
690,tpowderhamj5@vistaprint.com,2qfO75Hs2t1,myoselevitchj5
691,erisbridgej6@t-online.de,QaLKOaKFd,cshipmanj6
692,dlarnj7@adobe.com,LxRw5glL,smatyj7
693,hpikesleyj8@usa.gov,em0yeFU,dkubyszekj8
694,csimoneschij9@huffingtonpost.com,lwpjo95oCcvg,lbettaneyj9
695,eorredja@woothemes.com,HCaWhew,afeuellja
696,fmoughtinjb@amazon.co.jp,fCYeO9g,dgreenejb
697,cproudmanjc@miitbeian.gov.cn,3ZVOuEMSs,bhatryjc
698,shazardjd@mtv.com,8GY3CEw,ctantonjd
699,amarrianje@dailymotion.com,3TiH7n,rromaintje
700,jmurriejf@squidoo.com,6612IDNIvC,mjeunejf
701,lkabschjg@spotify.com,sDoPkXg,cjarviejg
702,tcasillisjh@archive.org,HtMObb,dspraggsjh
703,nocorhaneji@wufoo.com,AqQgzYs3O0G2,bmacgaheyji
704,aeasterfieldjj@scribd.com,vQ8uzt,jsparsholtjj
705,nhapperjk@myspace.com,T81NVgIrbl,nsalvinjk
706,mvasyunichevjl@wordpress.org,dqkBwD,ggolledgejl
707,njanssenjm@discuz.net,26EGOx,cnussjm
708,ocalvardjn@about.com,ISR6esQZpnU,aedgcombejn
709,hpawlaczykjo@imageshack.us,HX1wObUEdp,pharraljo
710,cbambrickjp@sohu.com,7K7cHl,nbasilljp
711,rmchardyjq@linkedin.com,BZHBeB6HWKg8,lhurrionjq
712,smaccaffertyjr@mediafire.com,JDUGve,fsellerjr
713,aminkerjs@seesaa.net,HGN7Iqm,lsarrelljs
714,lhenningtonjt@privacy.gov.au,p40hA0,ldurtnalljt
715,bwilcocksju@ocn.ne.jp,IJOdrI4mecXY,ogroomeju
716,bchellamjv@zimbio.com,cukkK67ZDGAj,lsimonichjv
717,sbousfieldjw@technorati.com,l1qMvH0A1,rvaneevjw
718,kabrahamsjx@pinterest.com,iJ0pb23Vj4gZ,ecraigmilejx
719,rriddjy@shop-pro.jp,1HNxJVma,yslocomjy
720,nvispojz@toplist.cz,wvKkrd,lshulemjz
721,tgreatexk0@google.ru,k86pzeE,wcasonk0
722,adickerlinek1@vinaora.com,ha2t1Y0jd8,sdingivank1
723,rcoalburnk2@google.ca,QNAeftOP,dchesserk2
724,tmortellk3@netscape.com,HHW5Zn,blodderk3
725,bcaccavarik4@nifty.com,pzOemhw4P2W,comearak4
726,taddiek5@seesaa.net,qabQ6Yu8iI0J,dgettingsk5
727,kedworthyek6@ed.gov,gZqOAJJphPh,proserk6
728,gmunehayk7@odnoklassniki.ru,A8YlmWf,ppiddingtonk7
729,geddiek8@toplist.cz,baL70FxEXd,alonghornek8
730,bgyppesk9@a8.net,fLt7DjAZ,iattonk9
731,mangersteinka@adobe.com,6QbTq6CENCI,pgoudeka
732,kfavelkb@ycombinator.com,0aL9OWKsxpd,mdecayettekb
733,fstoyellkc@usgs.gov,Q8bAcRko,lcaustickkc
734,fcorneskd@themeforest.net,QhaF4zXIV,bworcskd
735,cbrushfieldke@bluehost.com,aNCb0Z,kdoulke
736,ggooblekf@icio.us,RfnkpYwWlGA,ayuryaevkf
737,mbrillemankg@dmoz.org,kcvrh4sh9,jtrainorkg
738,mkondratkh@cornell.edu,T5tqzO,spunchkh
739,dribouki@tripod.com,PX7LM72N,cskippingki
740,jsnoxallkj@bloglovin.com,UF299s7az,dcaponkj
741,bsteinerkk@utexas.edu,sUtrS2C3FRm,gsmithenkk
742,tfarnallkl@deliciousdays.com,pTuweA3a,bhealykl
743,acasarilikm@intel.com,KQOetNEiXva6,bdemicolikm
744,sohannigankn@cmu.edu,e8USvIB,pcolyerkn
745,lgensavageko@wunderground.com,sMNjk7,srissoko
746,lgreenlesskp@ycombinator.com,zulqN14vFB,hmoncktonkp
747,gteulierkq@miitbeian.gov.cn,C3k6h4qE5Ebg,amingaykq
748,mjebbkr@spiegel.de,YbVsM7Q,kwainekr
749,jsamworthks@google.com,CYLAAtY,carnsonks
750,arickwoodkt@free.fr,AyNer5fYLpTc,klourencokt
751,hsutherlandku@chicagotribune.com,XIT5ouBA,dhaireku
752,zflookskv@microsoft.com,PcrE9K4XY,mlaphamkv
753,mwinnykw@xinhuanet.com,V5S5cXJaoqU,lcattenachkw
754,brawstornkx@artisteer.com,olDAfW,hwhaymandkx
755,mupstellky@businessweek.com,6X6HVT2WOpce,jtuppenyky
756,mlahykz@deviantart.com,vSfgVSGD6NyF,glindbergkz
757,ltippertonl0@techcrunch.com,bWtcRJtI,mcarmontl0
758,achadneyl1@yellowpages.com,IcAiY4WaG2eD,bobertl1
759,mcapelinl2@github.com,WE6inn3j,ciowarchl2
760,jjinkinl3@usda.gov,tAYOCSFs,amurfilll3
761,jhaselll4@yellowpages.com,V65MgfMaLxW,clabdenl4
762,tjedrzejewskyl5@cisco.com,Txb4YJBN,sfaithornl5
763,mmacekl6@jugem.jp,GxFuMFNE,tjoblinl6
764,mbraddl7@amazon.co.jp,0lEtGwP,ascritchl7
765,lmytonl8@springer.com,j7VfbsSV7fY,sfairfoulll8
766,cupstonl9@archive.org,o8tr50XM,edarnboroughl9
767,criggollla@ehow.com,avu6oN,dstandfieldla
768,ggulberglb@mapquest.com,e4FnArnDDbtv,gstirlandlb
769,mgrosvenerlc@addtoany.com,nlU8K9F4OP9,tduberrylc
770,jpresdield@pen.io,urn7VP8,gdietscheld
771,tearlandle@bizjournals.com,GU8C16AV,egruczkale
772,ttessymanlf@printfriendly.com,PbEh8tYn,bherrieslf
773,rralphlg@mtv.com,69fjWZ,adurberlg
774,apitcaithleylh@amazon.com,nghax8va,rlittlepagelh
775,skoppeli@networkadvertising.org,HerCvz,knutleyli
776,ckoenelj@miibeian.gov.cn,t2hOx6,droganslj
777,fstubbslk@hatena.ne.jp,7Lclr6fZ,djaniklk
778,mconveryll@rakuten.co.jp,ncbeaqh,gscholcroftll
779,ewytchardlm@amazon.com,DsXVunf1,rbibblm
780,kmussilliln@illinois.edu,OgMHD68CTG,mantoninln
781,fseamarklo@adobe.com,aILLh2nxFP,hstovenlo
782,radinlp@home.pl,9uKfRdkG,wkortinglp
783,lsunterlq@artisteer.com,cIYG9TbjLG,acorbetlq
784,geakleylr@blogtalkradio.com,ynynjOiTZ,nyanshinovlr
785,cdriverls@scientificamerican.com,k1JFcAd,spaulischls
786,hhaversonlt@hatena.ne.jp,3LouHgxMR,arojlt
787,jdoddemeedelu@google.com,jtXV81NFl8,cwaterhowselu
788,jfrosticklv@time.com,DW0LgYX,tbroadeylv
789,grothermellw@zimbio.com,vvm9qN,rverseylw
790,rosbaldestonlx@theglobeandmail.com,ccOvvypujfU,dsprullslx
791,atimbridgely@vkontakte.ru,sgJzkQFPZkY,cklaessonly
792,rroncalz@usatoday.com,20m2GZgxPr,bcheccuzzilz
793,ksutheranm0@ifeng.com,mQRG1YPUc,lspottiswoodem0
794,kquartleym1@sciencedirect.com,C3KkXptLv0z,agemnettm1
795,yscadingm2@netlog.com,zYTg9Oa,gwheelbandm2
796,sdeniscom3@nsw.gov.au,v6T1uBSw,jwincem3
797,kyushmanovm4@aol.com,wYPM2J,abartosiakm4
798,asahlstromm5@homestead.com,M7EI5mYeqoh,blabatiem5
799,fdollinm6@nymag.com,gsgwcW8eqLVK,larnaum6
800,rrilstonm7@behance.net,topEG5q,ewindersm7
801,mtatherm8@youtube.com,NXX2xw,jiacovolom8
802,sellimanm9@discovery.com,8nQ6OLdzx,tkensleym9
803,flingema@marriott.com,9OdL48im,vvonhelmholtzma
804,gcrossanmb@usda.gov,jIZt2wSVGn,jcrowchermb
805,egrayleymc@thetimes.co.uk,gdDvjERP,kdallimoremc
806,ivasilischevmd@stumbleupon.com,OZ3zScQ,jdurrandmd
807,ibourkeme@fotki.com,ZSZhB2,easplinme
808,kdiceymf@elegantthemes.com,1fofeQpJl,pshimonimf
809,cadamidesmg@flavors.me,gcxGoFQoDPV,eroomemg
810,wheindlemh@engadget.com,xNRqV2pZr,rcrisellmh
811,gburgotmi@nasa.gov,NvRscmDL,cswadlingmi
812,cdeyemj@homestead.com,CVMbKknk,cklehynmj
813,bpestrickemk@theatlantic.com,9iICecjNRBFe,spollermk
814,ageraldoml@noaa.gov,AgcuQC6xb97A,kaviesonml
815,gallowaymm@simplemachines.org,w69vULb7,lroslemm
816,fharmmn@zimbio.com,KDPd54J,dgaytormn
817,rrobbertsmo@sphinn.com,5SObwy,nthrippmo
818,dmaryinmp@slideshare.net,tESHPfiF,lmalehammp
819,ahasluckmq@ucsd.edu,UMPaKoNwRhm,lcortonmq
820,cleremr@privacy.gov.au,CcolnxmH7w,ochamberlainemr
821,cmitchensonms@blinklist.com,j888Fpt,tdenerms
822,ibuardmt@reddit.com,LWKvdED,gkaysermt
823,estiddardmu@1688.com,vWLNNkPet9X,jmaypowdermu
824,bsidneymv@oracle.com,F3X0Sb6RfoOj,rmarryattmv
825,pmowenmw@weebly.com,7dcMbzRXLVt,bstertmw
826,rduckersmx@usnews.com,RSlt0SI7Bmu5,vkensingtonmx
827,tpentonymy@time.com,YUnLCVfadM,obaintonmy
828,lwilprechtmz@independent.co.uk,xnLeQXD,pbamseymz
829,danwelln0@rediff.com,L9vv3l,rscuttern0
830,ejanewayn1@g.co,bEemc8QjW,swhittersn1
831,sisaksenn2@xinhuanet.com,QrZb59sCkKUV,sskeermern2
832,ctoxelln3@cbslocal.com,Yr5YSFigsK,bsherrumn3
833,fmillinsn4@tmall.com,r7neAdF,rnealonn4
834,draimbauldn5@microsoft.com,GQa1ilbDh,hclackn5
835,mroiznn6@printfriendly.com,lq6MvpM,rtollfreen6
836,gklampn7@domainmarket.com,vai4aw,fburln7
837,spockeyn8@marketwatch.com,5hA6c0xYYOIr,kcorsern8
838,dcoggenn9@ycombinator.com,BZPk8HK8w,mmagern9
839,hvicaryna@webs.com,ig5xNmX2XCpH,mhailyna
840,nbraggnb@vk.com,pIkhZN,tmullochnb
841,kivanikhinnc@youtube.com,voZTqks2aBno,mheindlenc
842,ahighnamnd@sohu.com,Hui7R9hSHO2f,kdamantnd
843,gtittne@quantcast.com,EAl4tmorP,bwhitebrookne
844,edalleynf@lulu.com,veqx7XCiV,diltchevnf
845,chowsanng@bizjournals.com,TUpNIo5tIEQm,amattamng
846,qchamberlinnh@nps.gov,3NW8UOJEefv3,etollemachenh
847,dfoulgerni@dedecms.com,wsklfu,hrundallni
848,jdroughtnj@dion.ne.jp,HDDKV88f4NVW,csicklingnj
849,dmurneynk@google.es,qrzCgDre,vcarwithennk
850,rmerrimannl@vimeo.com,OtoLnFO,cnorcuttnl
851,sbolithonm@businesswire.com,q8pX6NJU,dobrogannm
852,kgallehocknn@disqus.com,zrBaZRXf,bthrelfallnn
853,bhughsno@tamu.edu,5TVCcxfw5J9,rleipoldtno
854,bmunnerynp@etsy.com,Uu9ZvvBl,rfryersnp
855,tyeskovnq@sitemeter.com,2DEAG3Pof77,mbrownsillnq
856,sconstantinenr@bluehost.com,A2F4XK0vo,ldiggellnr
857,lwontnerns@kickstarter.com,a1Y8b7xjGp3,mmcsharryns
858,rmacmenaminnt@geocities.com,BJMI22PRzi9,ojurriesnt
859,brichfordnu@usatoday.com,GXcUPGcPf,msnawdonnu
860,iivanusyevnv@canalblog.com,WbOnLDhPPY3K,kmcowisnv
861,abunnynw@stanford.edu,kwHvNb7I,acarmenw
862,jspaightnx@altervista.org,cj84ndARiPYA,hmechemnx
863,fhawleyny@sourceforge.net,SUE4P182Zpz,hpedracciny
864,aaldingtonnz@zimbio.com,4ZXkSVP7uHtV,larmalnz
865,eoxero0@delicious.com,LhgmzmM0ayZ,kmoffeto0
866,khindenbergero1@eventbrite.com,n3Ael6l,brylatto1
867,eorchardo2@youtube.com,nUoTNQsAtLzU,nhinkenso2
868,wstruttmano3@berkeley.edu,oheKQZJmBpO,hbamletto3
869,otrappeo4@istockphoto.com,7dFIUMpKvMCD,ldantono4
870,dsubhano5@soup.io,NNnfJ0VXt,lelsegoodo5
871,sculweno6@hostgator.com,wS7Wrx7,centerleo6
872,cflocho7@admin.ch,wFV9AbB5h,ithebeso7
873,rkicko8@trellian.com,Gdk0zD,lbonifanto8
874,aperrellio9@time.com,STDyB8bEY,killesleyo9
875,tparvinoa@w3.org,JqfZYk,okyffinoa
876,lcinavasob@usnews.com,3Awy0Y3,abaumerob
877,wrotlaufoc@last.fm,A5Pfxv8qBe3,toneiloc
878,idroughtod@ask.com,vzHxdTFhzapD,sburrisod
879,nglandersoe@ehow.com,B20dQSufUaX,nshalloeoe
880,cparlettof@narod.ru,5rC82Ugyh,bpirieof
881,cfydoeog@nps.gov,e7SRvbK9rM,sricardsog
882,cmaplethorpeoh@vistaprint.com,gpPpSwCaY,lswaleoh
883,smardeeoi@cnet.com,YCWBAYB1c,aginnioi
884,tfoggooj@ucoz.com,pnkOIt9,tdohertyoj
885,ttaschok@photobucket.com,sKPFerq,slealok
886,scrowterol@icio.us,vD2hjdxy6l,ikenwrickol
887,wlindoresom@boston.com,bHJHcwAR,awollardom
888,hspaduzzaon@ftc.gov,KGA9RbpgCsj,pgianottion
889,ajirusekoo@nbcnews.com,6iOUsa6qQIpQ,dcastillaoo
890,vjewisop@timesonline.co.uk,V30FqGN,polijveop
891,nbegbieoq@walmart.com,nXl0lWh,epinaoq
892,ehaglintonor@google.ca,ntuMkkjoM,tperilloor
893,nbernardotteos@unblog.fr,dkJSJWoghQjU,clambertonos
894,kfehelyot@tripod.com,EPwp4o99tT,bmctagueot
895,awallingou@dot.gov,h1eLDb,mdunsou
896,swellesleyov@hud.gov,7FCZhuBJd,wupexov
897,jtremayneow@rediff.com,tJFmoj,vquembyow
898,cmccarterox@icq.com,uPGsRHndpw,tpreciousox
899,kdowoy@arstechnica.com,caj3JwIMiA,clennonoy
900,rmccrystaloz@craigslist.org,rli9EUBE9O,lattargeoz
901,dcastellap0@bravesites.com,MVvi1J6,jswansonp0
902,bofenerp1@ebay.com,E9G6Lq4,oivanyutinp1
903,vmoyseyp2@google.it,PPHrRD6DyHSo,tbakep2
904,ptandyp3@latimes.com,gHYjfgl3BWx8,vhassardp3
905,mmarsiep4@friendfeed.com,A37FIQJQNrr,ewinfieldp4
906,jswainsp5@joomla.org,oMr1ud1um1j,scorishp5
907,lgosnellp6@hp.com,EJEjjc8,tbruckerp6
908,stouseyp7@stanford.edu,I7j0cjkUfk,jharsnipep7
909,mcanlandp8@yahoo.com,kFh2EHBSX0,atruelovep8
910,syglesiap9@hubpages.com,8DhV4krI1k,svedenichevp9
911,bdoneldpa@de.vu,llgn6GYK,fkirsteinpa
912,anocklespb@who.int,99p1fOeEehDU,kalowaypb
913,iastonpc@marketwatch.com,lCKvTp2H3WJe,lchaslepc
914,maksellpd@vimeo.com,W4eWiU,shoulridgepd
915,aabbatipe@wsj.com,cTpIzF5gW,hhaughinpe
916,rshackeltonpf@wikipedia.org,FWutReWiZC,vwelbelovepf
917,kbrockpg@auda.org.au,ePUpf5l,aleonidapg
918,vtresvinaph@live.com,9lpAvMi,bplettsph
919,ccreminpi@imdb.com,C4MztAAdfml,oredsellpi
920,vfarrerpj@nationalgeographic.com,akIfcExyrB6H,awildingpj
921,sbillinghampk@cyberchimps.com,DYWWE18pcZD2,wprincepk
922,lmcnaughtpl@usgs.gov,132tema7,olibermorepl
923,mpharepm@dmoz.org,dwIb3KU,bgelletlypm
924,jwittpn@princeton.edu,pQyIGBSBkt,bjillisspn
925,cwindowspo@washington.edu,EOyBLE5kq,nramsdenpo
926,mponcetpp@cbc.ca,9x8j9Vgr,gweymanpp
927,sjancarpq@quantcast.com,W2uQ2ieOws,fohallaganpq
928,wplumridgepr@so-net.ne.jp,82HfRbMd,cpauluschpr
929,roluwatoyinps@networksolutions.com,EAuM9M,sthomelinps
930,lhernikpt@dailymail.co.uk,Zr3UhFQ,daugustinpt
931,jayrtonpu@youtube.com,XAhyntzRBq,jivisonpu
932,dscamadinpv@trellian.com,V2W4M1f,kselbiepv
933,caleksandrikinpw@sphinn.com,61LhYdZVL,pdoughtonpw
934,cjillispx@go.com,UZ1LmDf,cwhortonpx
935,carboinepy@issuu.com,FPdekB,ntitchardpy
936,stofftspz@slate.com,gRlC8X1,sgilstonpz
937,hstrugnellq0@microsoft.com,6m9kxHE,ewogdonq0
938,goppyq1@dailymail.co.uk,KJ7qKOB8dSd,rbalfreq1
939,emurdyq2@amazon.com,sxzd6j,jextanceq2
940,cdecarteretq3@paypal.com,IYFvHf3qjVH,jpratleyq3
941,aabramiq4@fema.gov,qD9h8za,mobeeq4
942,kgraalq5@yale.edu,z0kYkdIomeQh,cmclemanq5
943,rhorcheq6@icq.com,GVqJ1w1uf,kbramerq6
944,hanstisq7@tiny.cc,kxxFxiKgd5,amccorleyq7
945,ekentq8@boston.com,LPO8VZ,efreerq8
946,bcabedoq9@liveinternet.ru,zwZ1jD503CU,elinfieldq9
947,sdziwiszqa@sciencedirect.com,vqr8Er,rweildqa
948,hcuttingqb@cdc.gov,OXkff7LB2R5G,wduckerqb
949,awoanqc@sohu.com,PRa4SBozE,ltubbleqc
950,epetricekqd@nba.com,Cj0DAuOG,lworstallqd
951,edollinqe@adobe.com,fAZFVxrqo,nbrinklowqe
952,bgarstangqf@is.gd,0l9kdF,ncocktonqf
953,bcaldecourtqg@theguardian.com,JgK8Z5s,mtoonqg
954,pwarykqh@wikia.com,CbRNuK,bgauvinqh
955,dsaleryqi@flickr.com,pbGw6ZZ,amcreynoldqi
956,lguerreiroqj@mit.edu,mBy7D1OSPhtH,cradbourneqj
957,oclaisseqk@virginia.edu,E7oJrX8,dheinsenqk
958,idirandql@umich.edu,xKyYK5,cmcnabql
959,ccalcuttqm@dmoz.org,hfFtvR5D,gchevertonqm
960,ditzchakiqn@csmonitor.com,MYxe4nc,skarpqn
961,jtunyqo@mapquest.com,WdBBdIBZJ28J,achallenderqo
962,kcrippsqp@ihg.com,jkI9pfqJC5Gx,sklimtqp
963,shavvockqq@intel.com,LBEPLPJ,sskehensqq
964,pjuliffqr@yahoo.com,OadGrITg2,ajerramqr
965,lcastagnierqs@nationalgeographic.com,0psORo,rmartijnqs
966,efrielqt@github.com,PWrTVVA,ahaggletonqt
967,dwooddissequ@sina.com.cn,pFPaExSHQ5Ht,hathertonqu
968,cjoelqv@webmd.com,8zb2baXbhLv,cmainzqv
969,klavielleqw@icio.us,NKU97IKFJ,lelsbyqw
970,mallsuppqx@newyorker.com,SzOwhxPJ,cralphqx
971,mpiscotqy@house.gov,utnjz3OjN,rnorthenqy
972,lbonnerqz@newyorker.com,hpmdpsBoPGLG,dhowlesqz
973,gprestneyr0@meetup.com,7hEZE72WrLgE,atompkinsr0
974,hantonuccir1@cargocollective.com,LDG6uErNyP,bjendricker1
975,scrookstonr2@mail.ru,uMbpFuP,tenglefieldr2
976,kdarringtonr3@wix.com,B1fe6Zct,dvasyaninr3
977,ecollierr4@globo.com,BoJr30,cgiamellir4
978,pmathwinr5@narod.ru,aFuHm3,rosgarr5
979,cpearr6@cam.ac.uk,DlNy4P5,aharnettr6
980,rrennyr7@cbslocal.com,VJqoOF,kcullaghr7
981,hludlomr8@mail.ru,LlhKJ8iPOrgO,klashbrookr8
982,lscurmanr9@github.io,QBIjOYO,ehelleckasr9
983,rwhyardra@gravatar.com,tire6cdtXr,idonkersleyra
984,dmctrusteyrb@slashdot.org,E3lv37u7Z8,apridhamrb
985,mgobbetrc@bbc.co.uk,UsdTE1g,eciraldorc
986,mdaybornerd@psu.edu,Ns92ttYCiJ,ntomashovrd
987,vcoppledikere@dailymotion.com,dtpLku,jmobbsre
988,nhandrekrf@goo.gl,xgMWKe5,mlayfieldrf
989,ngonnelyrg@theguardian.com,eqA4HSWC,klagorg
990,efrirh@bloglines.com,yqCo7eaoJh2r,ksteffensrh
991,mfarrentri@myspace.com,fMZVel87C,jhuonicri
992,tcoglerj@edublogs.org,zolTQ2Dvf6,lpolleyrj
993,fbeekmanrk@skype.com,DkAJP5yy,lwattrk
994,ncostanzarl@eepurl.com,Edm7MVx4,glafeerl
995,bboscherrm@artisteer.com,Kiw6bE0tk,raupolrm
996,kprentyrn@usda.gov,DD4KJPj,jwarehamrn
997,vjilkesro@alibaba.com,x7y9FqPc,afarbracero
998,bjankorp@dropbox.com,JYWlfE8fVpr,mthiolierrp
999,wburdasrq@dion.ne.jp,oxT7BbXg,wbellisrq
1000,tladonrr@github.com,kAh33SrtodWf,dbrendekerr
